{"cameraMode":{"drawMode":0,"name":"Shaded","section":"Shading Mode"},"sceneLighting":true,"audioPlay":false,"sceneViewState":{"showFog":true,"showMaterialUpdate":false,"showSkybox":true,"showFlares":true,"showImageEffects":true,"showParticleSystems":true},"in2DMode":false,"pivot":{"x":264.4266052246094,"y":-161.30160522460938,"z":352.3681640625},"rotation":{"x":-0.22726841270923615,"y":-0.26953333616256716,"z":0.0656103566288948,"w":-0.9334976673126221},"size":550.1148071289063,"orthographic":false}